model,n_preds,min,max,mean,monotonic_violations,below_train_ymax_on_extrap,mean_pred_minus_ymax
rf_organizer,37,0.444732186216666,10.27776025236689,2.488561275279742,7,26,-0.2563392921256633
xgb,37,0.3608354233039512,11.483671090803224,2.6314257950050846,0,26,-0.11347477240032086
lgbm,37,0.3733583966309489,11.568286520607147,2.6316834303054555,0,30,-0.11321713709995039
curve,37,0.6754652899062735,11.288717343242578,3.49696454084373,0,6,0.7520639734383244
blend,37,0.4463474078819459,10.960877870409202,2.9224359113772254,0,13,0.17753534397182003
